<?xml version="1.0" encoding="utf-8"?>
<modification>
  <name>Order/Product/Return/Review Dashboard Notification</name>
  <code>order-product-return-review-dashboard-notifications</code>
  <version>1.0</version>
  <author>Aman Jain</author>
  <link>aman.jain@varistor.in</link>
  
  <file path="admin/language/en-gb/common/dashboard.php">
    <operation error="skip">
      <search><![CDATA[$_['heading_title']]]></search>
      <add position="after"><![CDATA[
      $_['text_pending_status'] = 'You have <a href="%s">%s orders</a> with a status of <a href="%s">"Pending".</a>';
      $_['text_processing_status'] = 'You have <a href="%s">%s orders</a> with a status of <a href="%s">"processing".</a>';
      $_['text_return'] = 'You have Return request for <a href="%s">%s orders.</a>';
      $_['text_review'] = 'You have <a href="%s">%s reviews</a> to approve.';
      $_['text_product'] = 'You have <a href="%s">%s out of stock products.</a>';
      ]]></add>
    </operation>
  </file>
  <file path="admin/controller/common/dashboard.php">
    <operation error="skip">
      <search><![CDATA[$data['footer'] = $this->load->controller('common/footer');]]></search>
      <add position="after"><![CDATA[
        // Orders
		$this->load->model('sale/order');
		
		// Pending Orders
		$data['pending_status_total'] = $this->model_sale_order->getTotalOrders(array('filter_order_status' => $this->config->get('config_order_status_id')));
		$data['pending_status'] = $this->url->link('sale/order', 'user_token=' . $this->session->data['user_token'] . '&filter_order_status=' . $this->config->get('config_order_status_id'), true);
        $data['text_pending_status'] = sprintf($this->language->get('text_pending_status'), $data['pending_status'], $data['pending_status_total'], $data['pending_status']);

		// Processing Orders
		$data['processing_status_total'] = $this->model_sale_order->getTotalOrders(array('filter_order_status' => implode(',', $this->config->get('config_processing_status'))));
		$data['processing_status'] = $this->url->link('sale/order', 'user_token=' . $this->session->data['user_token'] . '&filter_order_status=' . implode(',', $this->config->get('config_processing_status')), true);
        $data['text_processing_status'] = sprintf($this->language->get('text_processing_status'), $data['processing_status'], $data['processing_status_total'], $data['processing_status']);

        // Returns
		$this->load->model('sale/return');
		$data['return_total'] = $this->model_sale_return->getTotalReturns(array('filter_return_status_id' => $this->config->get('config_return_status_id')));
		$data['return'] = $this->url->link('sale/return', 'user_token=' . $this->session->data['user_token'], true);
        $data['text_return'] = sprintf($this->language->get('text_return'), $data['return'], $data['return_total']);

		// Reviews
		$this->load->model('catalog/review');
		$data['review_total'] = $this->model_catalog_review->getTotalReviews(array('filter_status' => 0));
		$data['review'] = $this->url->link('catalog/review', 'user_token=' . $this->session->data['user_token'] . '&filter_status=0', true);
        $data['text_review'] = sprintf($this->language->get('text_review'), $data['review'], $data['review_total']);
		
		// Products
		$this->load->model('catalog/product');
		$data['product_total'] = $this->model_catalog_product->getTotalProducts(array('filter_quantity' => 0));
		$data['product'] = $this->url->link('catalog/product', 'user_token=' . $this->session->data['user_token'] . '&filter_quantity=0', true);
        $data['text_product'] = sprintf($this->language->get('text_product'), $data['product'], $data['product_total']);
      ]]></add>
    </operation>
  </file>
  <file path="admin/view/template/common/dashboard.twig">
    <operation error="skip">
      <search><![CDATA[{% if error_install %}]]></search>
      <add position="before"><![CDATA[
      <div class="container-fluid">
      {% if pending_status_total %}
          <div class="alert alert-danger alert-dismissible">
          <button type="button" class="close pull-right" data-dismiss="alert">&times;</button>
          <i class="fa fa-exclamation-circle"></i> {{ text_pending_status }}</div>
      {% endif %}
      
      {% if processing_status_total %}
          <div class="alert alert-info alert-dismissible">
          <button type="button" class="close pull-right" data-dismiss="alert">&times;</button>
          <i class="fa fa-exclamation-circle"></i> {{ text_processing_status }}</div>
      {% endif %}
      
      {% if return_total %}
          <div class="alert alert-danger alert-dismissible">
          <button type="button" class="close pull-right" data-dismiss="alert">&times;</button>
          <i class="fa fa-exclamation-circle"></i> {{ text_return }}</div>
      {% endif %}
      
      {% if review_total %}
          <div class="alert alert-info alert-dismissible">
          <button type="button" class="close pull-right" data-dismiss="alert">&times;</button>
          <i class="fa fa-exclamation-circle"></i> {{ text_review }}</div>
      {% endif %}
      
      {% if product_total %}
          <div class="alert alert-danger alert-dismissible">
          <button type="button" class="close pull-right" data-dismiss="alert">&times;</button>
          <i class="fa fa-exclamation-circle"></i> {{ text_product }}</div>
      {% endif %}
      </div>
      ]]></add>
    </operation>
  </file>
</modification>